{"cameraMode":{"drawMode":0,"name":"Shaded","section":"Shading Mode"},"sceneLighting":true,"audioPlay":false,"sceneViewState":{"showFog":true,"showMaterialUpdate":false,"showSkybox":true,"showFlares":true,"showImageEffects":true,"showParticleSystems":true},"in2DMode":false,"pivot":{"x":-7.3857197761535648,"y":-1.4274048805236817,"z":-5.8819499015808109},"rotation":{"x":0.10580156743526459,"y":-0.7174970507621765,"z":0.11174244433641434,"w":0.6793508529663086},"size":31.154001235961915,"orthographic":false}